<config>
	<module>
		<name>searchbox</name>
		<author>K.Doskas</author>
		<version>0.1</version>
		<lang>el</lang>
		<admin>
			<select name="disable">
				<option>yes</option>
				<option>no</option>
			</select>
		</admin>
		<database>
			<table name="search" encoding="utf-8" type="MyISAM">
				<field type="int" size="11" special="AUTO_INCREMENT" primary="yes" notnull="yes">id</field>
				<field type="varchar" size="80">searchstring</field>
				<field type="enum" default="'yes'" name="choose">
					<value>yes</value>
					<value>no</value>
					<value>maybe</value>
				</field>
			</table>
		</database>
	</module>
</config>